Question,Consensus_Probability,Consensus_Answer
PQ1,0.014625,0
PQ2,0.829375,1
PQ3,0.988,1
PQ4,0.01525,0
PQ5,0.577125,1
PQ6,0.929625,1
PQ7,0.997,1
PQ8,0.926625,1
PQ9,0.973875,1
PQ10,0.92725,1
PQ11,0.98625,1
PQ12,0.0115,0
PQ13,0.2805,0
PQ14,0.902,1
PQ15,0.26925,0
PQ16,0.026,0
PQ17,0.00725,0
PQ18,0.06025,0
PQ19,0.02875,0
PQ20,0.997375,1
